{
  "timestamp": "2025-12-20T08:33:10.386463",
  "method": "comprehensive_xgboost_activity_classification",
  "classification_performance": {
    "gnn_embeddings": {
      "test_accuracy": 0.9807692307692307,
      "test_f1": 0.9808678500986192,
      "test_precision": 0.9817307692307692,
      "test_recall": 0.9807692307692307,
      "test_auc": 0.9848484848484849,
      "cv_accuracy_mean": 0.9853658536585366,
      "cv_accuracy_std": 0.01194873045260088,
      "cv_f1_mean": 0.9853126345571495,
      "cv_f1_std": 0.011992928562793935
    }
  },
  "baseline_comparisons": {},
  "data_summary": {
    "total_samples": 257,
    "embedding_dimensions": 512,
    "n_classes": 2,
    "class_distribution": {
      "training": 164,
      "rest_recovery": 93
    }
  },
  "confusion_matrix": [
    [
      19,
      0
    ],
    [
      1,
      32
    ]
  ],
  "feature_importance_top20": {
    "feature_492": 0.0,
    "feature_493": 0.0,
    "feature_494": 0.0,
    "feature_495": 0.0,
    "feature_496": 0.0,
    "feature_497": 0.0,
    "feature_498": 0.0,
    "feature_499": 0.0,
    "feature_500": 0.0,
    "feature_501": 0.0,
    "feature_502": 0.0,
    "feature_503": 0.0,
    "feature_504": 0.0,
    "feature_505": 0.0,
    "feature_506": 0.0,
    "feature_507": 0.0,
    "feature_508": 0.0,
    "feature_509": 0.0,
    "feature_510": 0.0,
    "feature_54": 1.0
  },
  "pca_analysis": {
    "explained_variance_ratio": [
      0.369166761636734,
      0.14900536835193634,
      0.07361824810504913
    ],
    "total_variance_explained": 0.5917903780937195
  }
}
